BRCA1	1	exon6	c.442-34C>T	Heterozygote	IVS7-34C>T	Polymorphism
BRCA1	2	exon10	c.1067A>G (p.Gln356Arg)	Heterozygote	1186A>G	Polymorphism
BRCA2	1	exon2	c.-26G>A	Heterozygote	203G>A	Polymorphism
BRCA2	2	exon11	c.3396A>G (p.Lys1132Lys)	Heterozygote	3624A>G	Polymorphism
BRCA2	3	exon11	c.3807T>C (p.Val1269Val)	Heterozygote	4035T>C	Polymorphism
BRCA2	4	exon11	c.4563A>G (p.Leu1521Leu)	Homozygote	4791A>G	Polymorphism
BRCA2	5	exon11	c.6513G>C (p.Val2171Val)	Homozygote	6741G>C	Polymorphism
BRCA2	6	exon11	c.6841+78_6841+81delAATT	Heterozygote	IVS11+79del4,IVS11+78del4,IVS11+80del4,IVS11+80delTTAA	Polymorphism
BRCA2	7	exon14	c.7397T>C (p.Val2466Ala)	Homozygote	-	Polymorphism
BRCA2	1	exon10	c.1114A>C (p.Asn372His)	Heterozygote	1342A>C	Polymorphism
BRCA2	2	exon11	c.3807T>C (p.Val1269Val)	Heterozygote	4035T>C	Polymorphism
BRCA2	3	exon11	c.4563A>G (p.Leu1521Leu)	Homozygote	4791A>G	Polymorphism
BRCA2	4	exon11	c.6513G>C (p.Val2171Val)	Homozygote	6741G>C	Polymorphism
BRCA2	5	exon14	c.7397T>C (p.Val2466Ala)	Homozygote	-	Polymorphism
BRCA2	6	exon15	c.7469T>C (p.Ile2490Thr)	Heterozygote	I2490T	Polymorphism
BRCA2	7	exon18	c.8153T>C (p.Ile2718Thr)	Heterozygote	I2718T	VUS
BRCA1	2	exon6	c.441+64delT	Heterozygote	-	Polymorphism
BRCA1	3	exon7	c.548-58delT	Homozygote	IVS8-58delT,IVS8-64delT,IVS8-58del,IVS8-57delT	Polymorphism
BRCA1	4	exon10	c.2077G>A (p.Asp693Asn)	Heterozygote	2196G>A	Polymorphism
BRCA1	5	exon10	c.2082C>T (p.Ser694Ser)	Homozygote	2201C>T	Polymorphism
BRCA1	6	exon10	c.2311T>C (p.Leu771Leu)	Homozygote	2430T>C	Polymorphism
BRCA1	7	exon10	c.2612C>T (p.Pro871Leu)	Homozygote	2731C>T	Polymorphism
BRCA1	8	exon10	c.3113A>G (p.Glu1038Gly)	Homozygote	3232A>G	Polymorphism
BRCA1	9	exon10	c.3548A>G (p.Lys1183Arg)	Homozygote	3667A>G	Polymorphism
BRCA1	10	exon12	c.4308T>C (p.Ser1436Ser)	Homozygote	4427T>C	Polymorphism
BRCA1	11	exon15	c.4837A>G (p.Ser1613Gly)	Homozygote	4956A>G	Polymorphism
BRCA2	1	exon10	c.1114A>C (p.Asn372His)	Heterozygote	1342A>C	Polymorphism
BRCA2	2	exon11	c.3807T>C (p.Val1269Val)	Heterozygote	4035T>C	Polymorphism
BRCA2	3	exon11	c.4563A>G (p.Leu1521Leu)	Homozygote	4791A>G	Polymorphism
BRCA2	4	exon11	c.6513G>C (p.Val2171Val)	Homozygote	6741G>C	Polymorphism
BRCA2	5	exon14	c.7397T>C (p.Val2466Ala)	Homozygote	-	Polymorphism
BRCA2	2	exon10	c.1114A>C (p.Asn372His)	Heterozygote	1342A>C	Polymorphism
BRCA2	3	exon11	c.4563A>G (p.Leu1521Leu)	Homozygote	4791A>G	Polymorphism
BRCA2	4	exon11	c.6513G>C (p.Val2171Val)	Homozygote	6741G>C	Polymorphism
BRCA2	5	exon14	c.7397T>C (p.Val2466Ala)	Homozygote	-	Polymorphism
BRCA2	6	exon16	c.7806-14T>C	Heterozygote	IVS16-14T>C	Polymorphism
BRCA2	7	exon21	c.8755-66T>C	Heterozygote	IVS21-66T>C	Polymorphism
BRCA1	2	exon6	c.441+64delT	Heterozygote	-	Polymorphism
BRCA1	3	exon7	c.548-58delT	Heterozygote	IVS8-58delT,IVS8-64delT,IVS8-58del,IVS8-57delT	Polymorphism
BRCA1	4	exon10	c.2082C>T (p.Ser694Ser)	Heterozygote	2201C>T	Polymorphism
BRCA1	5	exon10	c.2311T>C (p.Leu771Leu)	Heterozygote	2430T>C	Polymorphism
BRCA1	6	exon10	c.2612C>T (p.Pro871Leu)	Heterozygote	2731C>T	Polymorphism
BRCA1	7	exon10	c.3113A>G (p.Glu1038Gly)	Heterozygote	3232A>G	Polymorphism
BRCA1	8	exon10	c.3548A>G (p.Lys1183Arg)	Heterozygote	3667A>G	Polymorphism
BRCA1	9	exon12	c.4308T>C (p.Ser1436Ser)	Heterozygote	4427T>C	Polymorphism
BRCA1	10	exon15	c.4837A>G (p.Ser1613Gly)	Heterozygote	4956A>G	Polymorphism
BRCA2	1	exon11	c.3807T>C (p.Val1269Val)	Homozygote	4035T>C	Polymorphism
BRCA2	2	exon11	c.4563A>G (p.Leu1521Leu)	Homozygote	4791A>G	Polymorphism
BRCA2	3	exon11	c.6513G>C (p.Val2171Val)	Homozygote	6741G>C	Polymorphism
BRCA2	4	exon14	c.7397T>C (p.Val2466Ala)	Homozygote	-	Polymorphism
